Distribution	LogLikelihood	AIC	BIC	Parameters	Converged	AIC_Rank	BIC_Rank
Normal	-912.568945950313	1829.13789190063	1838.95340245859	2	TRUE	4	4
LogNormal	-903.637974073419	1811.27594814684	1821.0914587048	2	TRUE	3	3
Gamma	-759.643731439934	1523.28746287987	1533.10297343783	2	TRUE	2	2
Weibull	-747.1431304839	1498.2862609678	1508.10177152577	2	TRUE	1	1
