coef	exp(coef)	se(coef)	z	Pr(>|z|)
Expression_Z	-0.0499774045462437	0.951250918204016	0.0735814848818294	-0.67921168791995	0.497003742691247
