coef	exp(coef)	se(coef)	z	Pr(>|z|)
Mutation	0.180731507246256	1.19809345669361	0.149990513262307	1.20495292212374	0.228221476544765
