Value	Percentile
0	0
0.090909	0.0909090909090909
0.181818	0.181818181818182
0.272727	0.272727272727273
0.363636	0.363636363636364
0.454545	0.454545454545455
0.545455	0.545454545454545
0.636364	0.636363636363636
0.727273	0.727272727272727
0.818182	0.818181818181818
0.909091	0.909090909090909
1	1
