Value	Percentile
1	0
2	0.166666666666667
3	0.333333333333333
4	0.5
5	0.666666666666667
6	0.833333333333333
7	1
