Value	Percentile
0	0
0.166667	0.166666666666667
0.333333	0.333333333333333
0.5	0.5
0.666667	0.666666666666667
0.833333	0.833333333333333
1	1
