Value	Percentile
4	0
5	0.166666666666667
5	0.333333333333333
7	0.5
9	0.666666666666667
10	0.833333333333333
20	1
