{
    "samples": 505,
    "genes": 17629,
    "pc1_variance": 0.09254730323703342,
    "pc2_variance": 0.07053225032732297
}